DATE_TIME,PLANT_ID,SOURCE_KEY,AMBIENT_TEMPERATURE,MODULE_TEMPERATURE,IRRADIATION
2020-06-14 15:15:00+00:00,4136001,iq8k7ZNt4Mwm3w0,30.196788566666665,35.68807996666667,0.1843229213333333
2020-06-14 15:30:00+00:00,4135001,HmiyD2TTLFNqkNe,27.449349066666663,43.6625044,0.4602610826666666
2020-06-14 15:30:00+00:00,4136001,iq8k7ZNt4Mwm3w0,30.659953103448277,35.306102896551714,0.4304188627586207
2020-06-14 15:45:00+00:00,4135001,HmiyD2TTLFNqkNe,27.087241533333334,38.89504786666667,0.4082271193333333
2020-06-14 15:45:00+00:00,4136001,iq8k7ZNt4Mwm3w0,31.989416533333337,43.63690883333333,0.5305140446666666
2020-06-14 16:00:00+00:00,4135001,HmiyD2TTLFNqkNe,27.05220753333333,38.234853066666666,0.4008640346666667
2020-06-14 16:00:00+00:00,4136001,iq8k7ZNt4Mwm3w0,31.394239862068964,39.10474593103448,0.3272701637931034
2020-06-14 16:15:00+00:00,4136001,iq8k7ZNt4Mwm3w0,30.74876806666666,36.071380600000005,0.2067178053333333
2020-06-14 16:15:00+00:00,4135001,HmiyD2TTLFNqkNe,26.809796066666664,35.90520226666667,0.2853623193333333
2020-06-14 16:30:00+00:00,4135001,HmiyD2TTLFNqkNe,26.423555642857146,32.757710357142855,0.1992258571428571
2020-06-14 16:30:00+00:00,4136001,iq8k7ZNt4Mwm3w0,30.88903913793104,36.300511931034485,0.3138297106896551
2020-06-14 16:45:00+00:00,4135001,HmiyD2TTLFNqkNe,26.0342224,30.358787133333337,0.1544666584
2020-06-14 16:45:00+00:00,4136001,iq8k7ZNt4Mwm3w0,29.79161579999999,35.120568933333324,0.1753590813333333
2020-06-14 17:00:00+00:00,4136001,iq8k7ZNt4Mwm3w0,27.71768493333333,31.93408716666667,0.1725242038
2020-06-14 17:00:00+00:00,4135001,HmiyD2TTLFNqkNe,25.98669446666667,29.146844466666664,0.1235932831333333
2020-06-14 17:15:00+00:00,4136001,iq8k7ZNt4Mwm3w0,26.899515137931036,30.41965662068965,0.1436007848965517
2020-06-14 17:15:00+00:00,4135001,HmiyD2TTLFNqkNe,25.845591266666663,28.6533284,0.1121953106
2020-06-14 17:30:00+00:00,4136001,iq8k7ZNt4Mwm3w0,26.523709166666663,29.40315043333333,0.1087214031999999
2020-06-14 17:30:00+00:00,4135001,HmiyD2TTLFNqkNe,25.6701172,27.996036799999995,0.0712777123333333
2020-06-14 17:45:00+00:00,4135001,HmiyD2TTLFNqkNe,25.536855066666668,26.63404133333333,0.0428979898
2020-06-14 17:45:00+00:00,4136001,iq8k7ZNt4Mwm3w0,26.32929734482758,28.677474517241382,0.1048194387241379
2020-06-14 18:00:00+00:00,4136001,iq8k7ZNt4Mwm3w0,26.29677636666667,28.153064,0.0686907110666666
2020-06-14 18:00:00+00:00,4135001,HmiyD2TTLFNqkNe,25.3053914,25.30308846666667,0.0297671323333333
2020-06-14 18:15:00+00:00,4135001,HmiyD2TTLFNqkNe,25.1361024,24.7232728,0.019033676
2020-06-14 18:15:00+00:00,4136001,iq8k7ZNt4Mwm3w0,26.174056413793103,27.16848427586207,0.0407503786551724
2020-06-14 18:30:00+00:00,4136001,iq8k7ZNt4Mwm3w0,26.235976966666662,26.387166466666667,0.01679531105
2020-06-14 18:30:00+00:00,4135001,HmiyD2TTLFNqkNe,25.052579666666663,24.514713333333333,0.00675433608
2020-06-14 18:45:00+00:00,4136001,iq8k7ZNt4Mwm3w0,26.37077713793104,26.324486310344827,0.0016383259080689
2020-06-14 18:45:00+00:00,4135001,HmiyD2TTLFNqkNe,24.892543142857136,24.072802000000003,0.000455513202
2020-06-14 19:00:00+00:00,4136001,iq8k7ZNt4Mwm3w0,26.391504066666663,26.25866303333333,0.0
2020-06-14 19:00:00+00:00,4135001,HmiyD2TTLFNqkNe,24.703763866666662,23.564217066666668,0.0
2020-06-14 19:15:00+00:00,4136001,iq8k7ZNt4Mwm3w0,26.318566620689648,25.850328,0.0
2020-06-14 19:15:00+00:00,4135001,HmiyD2TTLFNqkNe,24.54298286666667,23.092030733333328,0.0
2020-06-14 19:30:00+00:00,4135001,HmiyD2TTLFNqkNe,24.398594266666667,22.771372466666666,0.0
2020-06-14 19:30:00+00:00,4136001,iq8k7ZNt4Mwm3w0,26.152496199999995,25.51716816666667,0.0
2020-06-14 19:45:00+00:00,4136001,iq8k7ZNt4Mwm3w0,26.056760766666667,25.324434333333336,0.0
2020-06-14 19:45:00+00:00,4135001,HmiyD2TTLFNqkNe,24.24910893333333,22.757745466666663,0.0
2020-06-14 20:00:00+00:00,4135001,HmiyD2TTLFNqkNe,24.07510986666667,22.66186726666666,0.0
2020-06-14 20:00:00+00:00,4136001,iq8k7ZNt4Mwm3w0,26.086180827586208,25.719854862068964,0.0
2020-06-14 20:15:00+00:00,4136001,iq8k7ZNt4Mwm3w0,26.057802466666672,25.8777026,0.0
2020-06-14 20:15:00+00:00,4135001,HmiyD2TTLFNqkNe,23.94650073333333,22.531148466666668,0.0
2020-06-14 20:30:00+00:00,4136001,iq8k7ZNt4Mwm3w0,25.538560655172414,25.540892517241385,0.0
2020-06-14 20:30:00+00:00,4135001,HmiyD2TTLFNqkNe,23.86200773333333,22.4192994,0.0
2020-06-14 20:45:00+00:00,4136001,iq8k7ZNt4Mwm3w0,24.681337433333336,24.358361833333337,0.0
2020-06-14 20:45:00+00:00,4135001,HmiyD2TTLFNqkNe,23.8368284,22.6065692,0.0
2020-06-14 21:00:00+00:00,4136001,iq8k7ZNt4Mwm3w0,24.35666331034483,23.760432896551723,0.0
2020-06-14 21:00:00+00:00,4135001,HmiyD2TTLFNqkNe,23.87317121428572,23.1115265,0.0
2020-06-14 21:15:00+00:00,4136001,iq8k7ZNt4Mwm3w0,24.30556033333333,23.6487916,0.0
2020-06-14 21:15:00+00:00,4135001,HmiyD2TTLFNqkNe,23.92025353333333,23.285941533333336,0.0
2020-06-14 21:30:00+00:00,4136001,iq8k7ZNt4Mwm3w0,24.492610689655173,23.475766068965516,0.0
2020-06-14 21:30:00+00:00,4135001,HmiyD2TTLFNqkNe,23.86289053333333,22.984142933333327,0.0
2020-06-14 21:45:00+00:00,4135001,HmiyD2TTLFNqkNe,23.777291,22.35220546666667,0.0
2020-06-14 21:45:00+00:00,4136001,iq8k7ZNt4Mwm3w0,24.1292797,22.79287313333333,0.0
2020-06-14 22:00:00+00:00,4135001,HmiyD2TTLFNqkNe,23.65113126666667,21.9989258,0.0
2020-06-14 22:00:00+00:00,4136001,iq8k7ZNt4Mwm3w0,24.05143143333333,22.558529766666677,0.0
2020-06-14 22:15:00+00:00,4135001,HmiyD2TTLFNqkNe,23.649532,22.44542833333333,0.0
2020-06-14 22:15:00+00:00,4136001,iq8k7ZNt4Mwm3w0,24.156552827586204,22.76215020689655,0.0
2020-06-14 22:30:00+00:00,4135001,HmiyD2TTLFNqkNe,23.607413666666663,21.990108266666663,0.0
2020-06-14 22:30:00+00:00,4136001,iq8k7ZNt4Mwm3w0,24.138060566666677,22.858555600000003,0.0
2020-06-14 22:45:00+00:00,4135001,HmiyD2TTLFNqkNe,23.522460866666663,21.420633933333328,0.0
2020-06-14 22:45:00+00:00,4136001,iq8k7ZNt4Mwm3w0,24.185657379310346,22.922952586206897,0.0
2020-06-14 23:00:00+00:00,4135001,HmiyD2TTLFNqkNe,23.3865622,21.151995866666667,0.0
2020-06-14 23:00:00+00:00,4136001,iq8k7ZNt4Mwm3w0,24.412541766666664,23.356136166666666,0.0
2020-06-14 23:15:00+00:00,4136001,iq8k7ZNt4Mwm3w0,24.652915366666672,23.91376343333333,0.0
2020-06-14 23:15:00+00:00,4135001,HmiyD2TTLFNqkNe,23.331081066666663,21.4704246,0.0
2020-06-14 23:30:00+00:00,4135001,HmiyD2TTLFNqkNe,23.44495271428572,22.455490071428567,0.0
2020-06-14 23:30:00+00:00,4136001,iq8k7ZNt4Mwm3w0,24.70239134482759,24.18513027586207,0.0
2020-06-14 23:45:00+00:00,4135001,HmiyD2TTLFNqkNe,23.418153933333333,22.447845466666667,0.0
2020-06-14 23:45:00+00:00,4136001,iq8k7ZNt4Mwm3w0,24.5347565,23.921970633333338,0.0
2020-06-15 00:00:00+00:00,4136001,iq8k7ZNt4Mwm3w0,24.48687631034483,23.8462514137931,0.0
2020-06-15 00:00:00+00:00,4135001,HmiyD2TTLFNqkNe,23.369126333333337,22.693621866666668,0.0
2020-06-15 00:15:00+00:00,4136001,iq8k7ZNt4Mwm3w0,24.50937833333333,23.902851233333333,0.0
2020-06-15 00:15:00+00:00,4135001,HmiyD2TTLFNqkNe,23.19021186666667,22.545045933333327,0.0
2020-06-15 00:30:00+00:00,4135001,HmiyD2TTLFNqkNe,23.111739066666665,22.314375933333327,0.0
2020-06-15 00:30:00+00:00,4136001,iq8k7ZNt4Mwm3w0,24.605338241379307,24.17273686206896,0.0
2020-06-15 00:45:00+00:00,4136001,iq8k7ZNt4Mwm3w0,24.679791366666663,24.459141966666667,0.0
2020-06-15 00:45:00+00:00,4135001,HmiyD2TTLFNqkNe,23.0380188,22.110986266666668,0.0
2020-06-15 01:00:00+00:00,4135001,HmiyD2TTLFNqkNe,23.0133788,22.293188466666667,0.0
2020-06-15 01:00:00+00:00,4136001,iq8k7ZNt4Mwm3w0,24.6363729,24.380418766666665,0.0
2020-06-15 01:15:00+00:00,4135001,HmiyD2TTLFNqkNe,23.006721933333328,22.43304846666667,0.0
2020-06-15 01:15:00+00:00,4136001,iq8k7ZNt4Mwm3w0,24.557383482758624,24.403434034482764,0.0
2020-06-15 01:30:00+00:00,4136001,iq8k7ZNt4Mwm3w0,24.537739166666665,24.403716133333333,0.0
2020-06-15 01:30:00+00:00,4135001,HmiyD2TTLFNqkNe,22.5523254,21.5200196,0.0
2020-06-15 01:45:00+00:00,4136001,iq8k7ZNt4Mwm3w0,24.49356613793104,24.322199103448277,0.0
2020-06-15 01:45:00+00:00,4135001,HmiyD2TTLFNqkNe,22.161108785714287,21.202298785714287,0.0
2020-06-15 02:00:00+00:00,4135001,HmiyD2TTLFNqkNe,22.0657084,21.1699198,0.0
2020-06-15 02:00:00+00:00,4136001,iq8k7ZNt4Mwm3w0,24.576141533333335,24.331221500000005,0.0
2020-06-15 02:15:00+00:00,4135001,HmiyD2TTLFNqkNe,22.051059866666662,20.977667333333336,0.0
2020-06-15 02:15:00+00:00,4136001,iq8k7ZNt4Mwm3w0,24.5805764,24.441901766666664,0.0
2020-06-15 02:30:00+00:00,4135001,HmiyD2TTLFNqkNe,22.064056266666665,20.769443866666663,0.0
2020-06-15 02:30:00+00:00,4136001,iq8k7ZNt4Mwm3w0,24.59707010344828,24.429463413793098,0.0
2020-06-15 02:45:00+00:00,4136001,iq8k7ZNt4Mwm3w0,24.22866923333333,23.93627113333333,0.0
2020-06-15 02:45:00+00:00,4135001,HmiyD2TTLFNqkNe,22.1327738,20.88665566666667,0.0
2020-06-15 03:00:00+00:00,4136001,iq8k7ZNt4Mwm3w0,24.000265344827582,23.42331768965517,0.0
2020-06-15 03:00:00+00:00,4135001,HmiyD2TTLFNqkNe,22.138987400000005,20.774737666666667,0.0
2020-06-15 03:15:00+00:00,4136001,iq8k7ZNt4Mwm3w0,24.1572967,23.330549266666665,0.0
2020-06-15 03:15:00+00:00,4135001,HmiyD2TTLFNqkNe,22.1016358,21.0114828,0.0
2020-06-15 03:30:00+00:00,4136001,iq8k7ZNt4Mwm3w0,24.214068633333337,23.349376566666663,0.0
2020-06-15 03:30:00+00:00,4135001,HmiyD2TTLFNqkNe,22.132979333333335,21.463275133333337,0.0
2020-06-15 03:45:00+00:00,4135001,HmiyD2TTLFNqkNe,22.184287,21.606781142857145,0.0
2020-06-15 03:45:00+00:00,4136001,iq8k7ZNt4Mwm3w0,24.406245896551727,23.089144896551723,0.0
2020-06-15 04:00:00+00:00,4136001,iq8k7ZNt4Mwm3w0,24.413990366666667,23.157796266666665,0.0
2020-06-15 04:00:00+00:00,4135001,HmiyD2TTLFNqkNe,22.16874793333333,21.5196512,0.0
2020-06-15 04:15:00+00:00,4135001,HmiyD2TTLFNqkNe,21.67616773333333,20.805542066666668,0.0
2020-06-15 04:15:00+00:00,4136001,iq8k7ZNt4Mwm3w0,24.43243089655173,23.66372365517241,0.0
2020-06-15 04:30:00+00:00,4136001,iq8k7ZNt4Mwm3w0,24.46265573333333,23.8611501,0.0
2020-06-15 04:30:00+00:00,4135001,HmiyD2TTLFNqkNe,21.5948508,20.4898396,0.0
2020-06-15 04:45:00+00:00,4135001,HmiyD2TTLFNqkNe,21.5713258,20.214919066666663,0.0
2020-06-15 04:45:00+00:00,4136001,iq8k7ZNt4Mwm3w0,24.452216700000005,23.850167966666675,0.0
2020-06-15 05:00:00+00:00,4135001,HmiyD2TTLFNqkNe,21.50873626666667,20.08615913333333,0.0
2020-06-15 05:00:00+00:00,4136001,iq8k7ZNt4Mwm3w0,24.49716172413793,23.95881503448275,3.971212344827586e-06
2020-06-15 05:15:00+00:00,4135001,HmiyD2TTLFNqkNe,21.424306066666663,19.861635466666662,0.0
2020-06-15 05:15:00+00:00,4136001,iq8k7ZNt4Mwm3w0,24.4542309,23.661917166666665,0.0
2020-06-15 05:30:00+00:00,4136001,iq8k7ZNt4Mwm3w0,24.554839103448277,23.82317896551724,0.0
2020-06-15 05:30:00+00:00,4135001,HmiyD2TTLFNqkNe,21.4322062,19.826896066666663,0.0
2020-06-15 05:45:00+00:00,4135001,HmiyD2TTLFNqkNe,21.4640382,20.121873,0.0005523642353333
2020-06-15 05:45:00+00:00,4136001,iq8k7ZNt4Mwm3w0,24.396636066666662,23.91243906666667,0.0005463807966333
2020-06-15 06:00:00+00:00,4135001,HmiyD2TTLFNqkNe,21.53003333333333,20.394429466666665,0.0096864394666666
2020-06-15 06:00:00+00:00,4136001,iq8k7ZNt4Mwm3w0,24.37287865517241,23.7509387586207,0.0104016718137931
2020-06-15 06:15:00+00:00,4136001,iq8k7ZNt4Mwm3w0,24.39614873333333,24.135337333333336,0.0243275859
2020-06-15 06:15:00+00:00,4135001,HmiyD2TTLFNqkNe,21.65816592857143,20.840604357142855,0.0333103492857142
2020-06-15 06:30:00+00:00,4135001,HmiyD2TTLFNqkNe,21.957159333333333,22.195896266666672,0.067908889
2020-06-15 06:30:00+00:00,4136001,iq8k7ZNt4Mwm3w0,24.604524833333336,25.12929993333333,0.0618407700333333
2020-06-15 06:45:00+00:00,4136001,iq8k7ZNt4Mwm3w0,24.86190979310345,26.39437968965517,0.0866776889655172
2020-06-15 06:45:00+00:00,4135001,HmiyD2TTLFNqkNe,22.312394333333334,24.034580466666668,0.1027040146666666
2020-06-15 07:00:00+00:00,4136001,iq8k7ZNt4Mwm3w0,25.043574033333336,27.2910268,0.1527795496666666
2020-06-15 07:00:00+00:00,4135001,HmiyD2TTLFNqkNe,22.742930066666663,25.804111733333336,0.1557342913333333
2020-06-15 07:15:00+00:00,4136001,iq8k7ZNt4Mwm3w0,25.558769344827592,29.276119931034483,0.1787859391034483
2020-06-15 07:15:00+00:00,4135001,HmiyD2TTLFNqkNe,23.27185253333333,27.688370800000005,0.1602291469333333
2020-06-15 07:30:00+00:00,4135001,HmiyD2TTLFNqkNe,23.458431066666662,27.546588133333334,0.1333380648
2020-06-15 07:30:00+00:00,4136001,iq8k7ZNt4Mwm3w0,25.937238599999997,29.3118408,0.16240019
2020-06-15 07:45:00+00:00,4135001,HmiyD2TTLFNqkNe,23.83686933333333,29.87518726666667,0.2642032693333333
2020-06-15 07:45:00+00:00,4136001,iq8k7ZNt4Mwm3w0,26.61436096551725,31.78032931034483,0.3367862144827585
2020-06-15 08:00:00+00:00,4136001,iq8k7ZNt4Mwm3w0,27.25152482758621,34.611373482758616,0.3844586831034483
2020-06-15 08:00:00+00:00,4135001,HmiyD2TTLFNqkNe,24.477518733333334,35.34433613333334,0.4586929053333333
2020-06-15 08:15:00+00:00,4136001,iq8k7ZNt4Mwm3w0,27.623727433333336,36.123373466666656,0.4489276293333333
2020-06-15 08:15:00+00:00,4135001,HmiyD2TTLFNqkNe,25.257212400000004,40.66176133333333,0.5363576693333331
2020-06-15 08:30:00+00:00,4136001,iq8k7ZNt4Mwm3w0,28.461725758620688,39.34674931034482,0.5609170755172412
2020-06-15 08:30:00+00:00,4135001,HmiyD2TTLFNqkNe,25.92686257142857,42.59452828571429,0.5785561021428571
2020-06-15 08:45:00+00:00,4135001,HmiyD2TTLFNqkNe,26.066546666666667,42.4321838,0.5342788213333333
2020-06-15 08:45:00+00:00,4136001,iq8k7ZNt4Mwm3w0,29.14302253333333,41.536315766666654,0.6170584573333334
2020-06-15 09:00:00+00:00,4136001,iq8k7ZNt4Mwm3w0,29.2166411724138,41.27112031034483,0.5270469972413792
2020-06-15 09:00:00+00:00,4135001,HmiyD2TTLFNqkNe,26.192445933333328,42.29481826666667,0.5729372046666668
2020-06-15 09:15:00+00:00,4136001,iq8k7ZNt4Mwm3w0,29.33822023333333,41.02275870000001,0.6046747926666667
2020-06-15 09:15:00+00:00,4135001,HmiyD2TTLFNqkNe,26.40725306666667,44.0128702,0.6634503566666667
2020-06-15 09:30:00+00:00,4135001,HmiyD2TTLFNqkNe,26.3895486,43.27049353333333,0.6428513106666667
2020-06-15 09:30:00+00:00,4136001,iq8k7ZNt4Mwm3w0,29.227540068965517,39.03180975862068,0.3435623724137931
2020-06-15 09:45:00+00:00,4136001,iq8k7ZNt4Mwm3w0,28.864061433333333,37.6525612,0.5824216149999998
2020-06-15 09:45:00+00:00,4135001,HmiyD2TTLFNqkNe,26.80618086666667,44.94630113333333,0.644579368
2020-06-15 10:00:00+00:00,4135001,HmiyD2TTLFNqkNe,26.95370706666667,43.85072413333333,0.6171309093333333
2020-06-15 10:00:00+00:00,4136001,iq8k7ZNt4Mwm3w0,29.990695344827586,45.511953689655165,0.8296770282758622
2020-06-15 10:15:00+00:00,4135001,HmiyD2TTLFNqkNe,27.5598856,48.580128733333325,0.888736286
2020-06-15 10:15:00+00:00,4136001,iq8k7ZNt4Mwm3w0,30.60324923333333,47.43976413333333,0.7662448646666666
2020-06-15 10:30:00+00:00,4135001,HmiyD2TTLFNqkNe,28.05028693333333,50.1047016,0.6801742386666666
2020-06-15 10:30:00+00:00,4136001,iq8k7ZNt4Mwm3w0,30.502932862068963,44.8949775862069,0.6442910979310345
2020-06-15 10:45:00+00:00,4135001,HmiyD2TTLFNqkNe,27.778298642857145,46.05228092857142,0.8608448592857144
2020-06-15 10:45:00+00:00,4136001,iq8k7ZNt4Mwm3w0,30.405563433333327,40.946115000000006,0.4127263533333333
2020-06-15 11:00:00+00:00,4135001,HmiyD2TTLFNqkNe,28.7853558,50.65149946666666,0.702748034
2020-06-15 11:00:00+00:00,4136001,iq8k7ZNt4Mwm3w0,30.272137827586207,39.19910075862068,0.3835087662068965
2020-06-15 11:15:00+00:00,4135001,HmiyD2TTLFNqkNe,28.371838400000005,46.34689126666667,0.5736166646666666
2020-06-15 11:15:00+00:00,4136001,iq8k7ZNt4Mwm3w0,30.40659286666667,40.686537566666665,0.663463731
2020-06-15 11:30:00+00:00,4135001,HmiyD2TTLFNqkNe,28.375455666666667,45.72413726666667,0.6370887293333334
2020-06-15 11:30:00+00:00,4136001,iq8k7ZNt4Mwm3w0,31.06111406896552,45.466793827586216,0.574528772413793
2020-06-15 11:45:00+00:00,4136001,iq8k7ZNt4Mwm3w0,29.3317616,37.99803143333334,0.379187229
2020-06-15 11:45:00+00:00,4135001,HmiyD2TTLFNqkNe,28.39979053333333,44.47907733333333,0.664057878
2020-06-15 12:00:00+00:00,4136001,iq8k7ZNt4Mwm3w0,29.90018862068966,38.873927758620695,0.5748088220689656
2020-06-15 12:00:00+00:00,4135001,HmiyD2TTLFNqkNe,28.601291866666667,44.703940933333335,0.7444816766666666
2020-06-15 12:15:00+00:00,4136001,iq8k7ZNt4Mwm3w0,31.54353016666667,48.458500333333326,0.8202640759999998
2020-06-15 12:15:00+00:00,4135001,HmiyD2TTLFNqkNe,28.851655933333333,44.1841634,0.4327973
2020-06-15 12:30:00+00:00,4135001,HmiyD2TTLFNqkNe,28.54629326666667,39.752722466666654,0.3901906573333333
2020-06-15 12:30:00+00:00,4136001,iq8k7ZNt4Mwm3w0,31.61373382758621,46.6309174137931,0.5533222127586204
2020-06-15 12:45:00+00:00,4135001,HmiyD2TTLFNqkNe,28.7726258,41.34621800000001,0.4552512326666666
2020-06-15 12:45:00+00:00,4136001,iq8k7ZNt4Mwm3w0,30.809874533333332,40.939506866666655,0.383334039
2020-06-15 13:00:00+00:00,4136001,iq8k7ZNt4Mwm3w0,31.107020827586208,41.34869368965517,0.4251167727586207
2020-06-15 13:00:00+00:00,4135001,HmiyD2TTLFNqkNe,29.03071592857143,45.404338142857135,0.7324080378571429
2020-06-15 13:15:00+00:00,4136001,iq8k7ZNt4Mwm3w0,28.890861033333334,33.852956166666665,0.1204129034666666
2020-06-15 13:15:00+00:00,4135001,HmiyD2TTLFNqkNe,29.107385266666668,45.503061933333335,0.42740474
2020-06-15 13:30:00+00:00,4135001,HmiyD2TTLFNqkNe,28.417808066666662,39.03741653333332,0.2453921386666666
2020-06-15 13:30:00+00:00,4136001,iq8k7ZNt4Mwm3w0,26.23989765517242,28.749300275862076,0.2385233431034482
2020-06-15 13:45:00+00:00,4135001,HmiyD2TTLFNqkNe,27.856903133333333,34.7539672,0.2260944466666666
2020-06-15 13:45:00+00:00,4136001,iq8k7ZNt4Mwm3w0,27.20779523333333,33.41558113333332,0.3926790326666667
2020-06-15 14:00:00+00:00,4135001,HmiyD2TTLFNqkNe,27.197220866666672,33.998970666666665,0.2690430446666666
2020-06-15 14:00:00+00:00,4136001,iq8k7ZNt4Mwm3w0,28.538208066666662,41.65116596666666,0.7042872753333334
2020-06-15 14:15:00+00:00,4136001,iq8k7ZNt4Mwm3w0,29.08548496551724,40.65664348275861,0.3452762671034482
2020-06-15 14:15:00+00:00,4135001,HmiyD2TTLFNqkNe,26.7497132,34.74134893333333,0.423195788
2020-06-15 14:30:00+00:00,4136001,iq8k7ZNt4Mwm3w0,28.050327533333327,32.30449726666667,0.413640262
2020-06-15 14:30:00+00:00,4135001,HmiyD2TTLFNqkNe,27.611472733333333,43.56778333333334,0.652056834
2020-06-15 14:45:00+00:00,4135001,HmiyD2TTLFNqkNe,27.82892866666667,43.3427838,0.4772766193333333
2020-06-15 14:45:00+00:00,4136001,iq8k7ZNt4Mwm3w0,28.738911517241377,35.47533944827586,0.3614792344827586
2020-06-15 15:00:00+00:00,4135001,HmiyD2TTLFNqkNe,27.93405566666667,41.36491266666666,0.4233145246666666
2020-06-15 15:00:00+00:00,4136001,iq8k7ZNt4Mwm3w0,28.618339066666675,35.30898513333334,0.2982641333333332
2020-06-15 15:15:00+00:00,4135001,HmiyD2TTLFNqkNe,28.178857466666667,40.87684526666667,0.4511937286666666
2020-06-15 15:15:00+00:00,4136001,iq8k7ZNt4Mwm3w0,27.744222620689648,31.967591344827586,0.4199067613793104
2020-06-15 15:30:00+00:00,4135001,HmiyD2TTLFNqkNe,27.89843528571428,38.410527071428575,0.3822117121428572
2020-06-15 15:30:00+00:00,4136001,iq8k7ZNt4Mwm3w0,28.952817799999995,36.16430876666666,0.340420977
2020-06-15 15:45:00+00:00,4135001,HmiyD2TTLFNqkNe,28.1680522,40.31551513333334,0.4502923073333334
2020-06-15 15:45:00+00:00,4136001,iq8k7ZNt4Mwm3w0,28.225434413793103,32.09903055172414,0.1223398807241379
2020-06-15 16:00:00+00:00,4135001,HmiyD2TTLFNqkNe,27.743865933333336,34.530938533333334,0.1251691066666666
2020-06-15 16:00:00+00:00,4136001,iq8k7ZNt4Mwm3w0,26.919395,29.03463956666667,0.195051521
2020-06-15 16:15:00+00:00,4136001,iq8k7ZNt4Mwm3w0,27.72664462068965,32.24504879310346,0.2541694768965517
2020-06-15 16:15:00+00:00,4135001,HmiyD2TTLFNqkNe,27.32750646666667,31.594337933333332,0.1629056366666666
2020-06-15 16:30:00+00:00,4136001,iq8k7ZNt4Mwm3w0,27.96693423333333,32.902970533333324,0.2461391513333333
2020-06-15 16:30:00+00:00,4135001,HmiyD2TTLFNqkNe,27.34741213333333,33.07997246666667,0.238490188
2020-06-15 16:45:00+00:00,4135001,HmiyD2TTLFNqkNe,27.16989953333333,33.85005699999999,0.2764912
2020-06-15 16:45:00+00:00,4136001,iq8k7ZNt4Mwm3w0,28.24675455172414,33.94315637931035,0.2661915168965516
2020-06-15 17:00:00+00:00,4135001,HmiyD2TTLFNqkNe,27.25204246666667,33.650572000000004,0.193777918
2020-06-15 17:00:00+00:00,4136001,iq8k7ZNt4Mwm3w0,28.152196400000005,32.68684883333334,0.1638262393333333
2020-06-15 17:15:00+00:00,4135001,HmiyD2TTLFNqkNe,26.9659322,31.59396966666667,0.1565710793333333
2020-06-15 17:15:00+00:00,4136001,iq8k7ZNt4Mwm3w0,27.328246000000004,29.55606289655173,0.0614014910344827
2020-06-15 17:30:00+00:00,4136001,iq8k7ZNt4Mwm3w0,26.5507874,28.628019366666663,0.1046070664
2020-06-15 17:30:00+00:00,4135001,HmiyD2TTLFNqkNe,26.7447368,29.8884196,0.1016916527999999
2020-06-15 17:45:00+00:00,4136001,iq8k7ZNt4Mwm3w0,26.566401000000003,28.61441468965517,0.0853782175172413
2020-06-15 17:45:00+00:00,4135001,HmiyD2TTLFNqkNe,26.740639133333328,29.0264568,0.0859623972
2020-06-15 18:00:00+00:00,4135001,HmiyD2TTLFNqkNe,26.430651071428567,27.618528142857144,0.0388465545
2020-06-15 18:00:00+00:00,4136001,iq8k7ZNt4Mwm3w0,26.52256586206896,27.98930210344828,0.0637848718965517
2020-06-15 18:15:00+00:00,4136001,iq8k7ZNt4Mwm3w0,26.360552689655165,27.035613931034487,0.0432422757931034
2020-06-15 18:15:00+00:00,4135001,HmiyD2TTLFNqkNe,26.3341512,26.6526916,0.0182621793333333
2020-06-15 18:30:00+00:00,4136001,iq8k7ZNt4Mwm3w0,26.2162729,26.2780466,0.0235382528333333
2020-06-15 18:30:00+00:00,4135001,HmiyD2TTLFNqkNe,26.050742666666668,25.9055684,0.0040517676866666
2020-06-15 18:45:00+00:00,4136001,iq8k7ZNt4Mwm3w0,26.025800999999998,25.681154413793102,0.0063746502151724
2020-06-15 18:45:00+00:00,4135001,HmiyD2TTLFNqkNe,25.35520226666667,25.034010666666664,0.0001930037933333
2020-06-15 19:00:00+00:00,4136001,iq8k7ZNt4Mwm3w0,25.977797366666664,25.4262787,2.0468108333333333e-05
2020-06-15 19:00:00+00:00,4135001,HmiyD2TTLFNqkNe,23.2409404,21.9908934,2.0070272266666667e-05
2020-06-15 19:15:00+00:00,4136001,iq8k7ZNt4Mwm3w0,25.694723466666677,25.1349934,0.0
2020-06-15 19:15:00+00:00,4135001,HmiyD2TTLFNqkNe,22.767838466666667,21.174566666666667,0.0
2020-06-15 19:30:00+00:00,4135001,HmiyD2TTLFNqkNe,22.987856066666662,21.7699482,0.0
2020-06-15 19:30:00+00:00,4136001,iq8k7ZNt4Mwm3w0,25.57116468965517,24.753649413793102,0.0
2020-06-15 19:45:00+00:00,4136001,iq8k7ZNt4Mwm3w0,25.54436513333333,24.447017433333333,0.0
2020-06-15 19:45:00+00:00,4135001,HmiyD2TTLFNqkNe,23.20111713333333,22.1287008,0.0
2020-06-15 20:00:00+00:00,4136001,iq8k7ZNt4Mwm3w0,25.423041931034483,24.233159517241376,0.0
2020-06-15 20:00:00+00:00,4135001,HmiyD2TTLFNqkNe,23.3763062,22.4887248,0.0
2020-06-15 20:15:00+00:00,4136001,iq8k7ZNt4Mwm3w0,25.380932366666663,24.37551273333333,0.0
2020-06-15 20:15:00+00:00,4135001,HmiyD2TTLFNqkNe,23.397517642857142,22.452874214285718,0.0
2020-06-15 20:30:00+00:00,4135001,HmiyD2TTLFNqkNe,23.379569466666663,22.127677533333337,0.0
2020-06-15 20:30:00+00:00,4136001,iq8k7ZNt4Mwm3w0,25.353494,24.392524266666676,0.0
2020-06-15 20:45:00+00:00,4135001,HmiyD2TTLFNqkNe,23.297440666666667,21.768933133333334,0.0
2020-06-15 20:45:00+00:00,4136001,iq8k7ZNt4Mwm3w0,25.238386413793105,24.3006655862069,0.0
2020-06-15 21:00:00+00:00,4135001,HmiyD2TTLFNqkNe,23.1545876,21.370139466666664,0.0
2020-06-15 21:00:00+00:00,4136001,iq8k7ZNt4Mwm3w0,25.02231336666667,23.9145406,0.0
2020-06-15 21:15:00+00:00,4136001,iq8k7ZNt4Mwm3w0,24.862420310344827,23.732072448275854,0.0
2020-06-15 21:15:00+00:00,4135001,HmiyD2TTLFNqkNe,23.025012266666664,21.098044733333328,0.0
2020-06-15 21:30:00+00:00,4135001,HmiyD2TTLFNqkNe,23.00178813333333,21.152862666666667,0.0
2020-06-15 21:30:00+00:00,4136001,iq8k7ZNt4Mwm3w0,24.78279923333333,23.7751811,0.0
2020-06-15 21:45:00+00:00,4136001,iq8k7ZNt4Mwm3w0,24.824028206896557,23.956389379310348,0.0
2020-06-15 21:45:00+00:00,4135001,HmiyD2TTLFNqkNe,22.969417266666667,21.07163493333333,0.0
2020-06-15 22:00:00+00:00,4135001,HmiyD2TTLFNqkNe,22.975063066666667,21.0493896,0.0
2020-06-15 22:00:00+00:00,4136001,iq8k7ZNt4Mwm3w0,24.740294333333328,23.904019033333338,0.0
2020-06-15 22:15:00+00:00,4136001,iq8k7ZNt4Mwm3w0,24.60149133333333,23.88575026666667,0.0
2020-06-15 22:15:00+00:00,4135001,HmiyD2TTLFNqkNe,23.13929433333333,21.802388333333337,0.0
2020-06-15 22:30:00+00:00,4135001,HmiyD2TTLFNqkNe,23.4763204,22.651540133333327,0.0
2020-06-15 22:30:00+00:00,4136001,iq8k7ZNt4Mwm3w0,24.58470113793104,24.069342241379317,0.0
2020-06-15 22:45:00+00:00,4136001,iq8k7ZNt4Mwm3w0,24.6104572,24.226723199999995,0.0
2020-06-15 22:45:00+00:00,4135001,HmiyD2TTLFNqkNe,23.61283221428572,22.879322642857144,0.0
2020-06-15 23:00:00+00:00,4135001,HmiyD2TTLFNqkNe,23.618847800000005,22.86751913333333,0.0
2020-06-15 23:00:00+00:00,4136001,iq8k7ZNt4Mwm3w0,24.623876896551728,24.29973310344828,0.0
2020-06-15 23:15:00+00:00,4135001,HmiyD2TTLFNqkNe,23.602976466666668,22.941127400000003,0.0
2020-06-15 23:15:00+00:00,4136001,iq8k7ZNt4Mwm3w0,24.478887900000004,24.09663800000001,0.0
2020-06-15 23:30:00+00:00,4136001,iq8k7ZNt4Mwm3w0,24.127244133333328,23.3043773,0.0
2020-06-15 23:30:00+00:00,4135001,HmiyD2TTLFNqkNe,23.631050666666667,23.077227733333327,0.0
2020-06-15 23:45:00+00:00,4135001,HmiyD2TTLFNqkNe,23.641210800000003,23.05128580000001,0.0
2020-06-15 23:45:00+00:00,4136001,iq8k7ZNt4Mwm3w0,24.21627196551724,22.99775006896552,0.0
2020-06-16 00:00:00+00:00,4135001,HmiyD2TTLFNqkNe,23.1030456,22.078888133333333,0.0
2020-06-16 00:00:00+00:00,4136001,iq8k7ZNt4Mwm3w0,24.232802466666666,23.00721946666667,0.0
2020-06-16 00:15:00+00:00,4136001,iq8k7ZNt4Mwm3w0,24.267906448275863,23.38954534482759,0.0
2020-06-16 00:15:00+00:00,4135001,HmiyD2TTLFNqkNe,22.853855133333333,21.67698573333333,0.0
2020-06-16 00:30:00+00:00,4136001,iq8k7ZNt4Mwm3w0,24.174091666666666,23.475119066666664,0.0
2020-06-16 00:30:00+00:00,4135001,HmiyD2TTLFNqkNe,22.7012818,21.311032800000003,0.0
2020-06-16 00:45:00+00:00,4135001,HmiyD2TTLFNqkNe,22.620440733333336,20.884556066666665,0.0
2020-06-16 00:45:00+00:00,4136001,iq8k7ZNt4Mwm3w0,24.00077893103448,22.97504717241379,0.0
2020-06-16 01:00:00+00:00,4135001,HmiyD2TTLFNqkNe,22.585764533333336,20.6971374,0.0
2020-06-16 01:00:00+00:00,4136001,iq8k7ZNt4Mwm3w0,23.92812166666667,22.84316716666667,0.0
2020-06-16 01:15:00+00:00,4136001,iq8k7ZNt4Mwm3w0,23.88256216666667,22.92287263333333,0.0
2020-06-16 01:15:00+00:00,4135001,HmiyD2TTLFNqkNe,22.654924857142856,20.882272,0.0
2020-06-16 01:30:00+00:00,4135001,HmiyD2TTLFNqkNe,22.739894666666665,21.476552466666668,0.0
2020-06-16 01:30:00+00:00,4136001,iq8k7ZNt4Mwm3w0,23.93120275862069,23.15796427586207,0.0
2020-06-16 01:45:00+00:00,4135001,HmiyD2TTLFNqkNe,22.727596,21.583762466666663,0.0
2020-06-16 01:45:00+00:00,4136001,iq8k7ZNt4Mwm3w0,24.0918224,23.367249733333328,0.0
2020-06-16 02:00:00+00:00,4136001,iq8k7ZNt4Mwm3w0,24.087300344827582,23.05347944827587,0.0
2020-06-16 02:00:00+00:00,4135001,HmiyD2TTLFNqkNe,22.6596518,21.5838462,0.0
2020-06-16 02:15:00+00:00,4136001,iq8k7ZNt4Mwm3w0,23.955603033333333,23.07524006666667,0.0
2020-06-16 02:15:00+00:00,4135001,HmiyD2TTLFNqkNe,22.60989986666667,21.7492634,0.0
2020-06-16 02:30:00+00:00,4135001,HmiyD2TTLFNqkNe,22.58112373333333,21.858671,0.0
2020-06-16 02:30:00+00:00,4136001,iq8k7ZNt4Mwm3w0,23.93550603333333,23.111076766666667,0.0
2020-06-16 02:45:00+00:00,4136001,iq8k7ZNt4Mwm3w0,24.02117934482759,23.400910586206887,0.0
2020-06-16 02:45:00+00:00,4135001,HmiyD2TTLFNqkNe,22.547627866666662,21.670951266666663,0.0
2020-06-16 03:00:00+00:00,4136001,iq8k7ZNt4Mwm3w0,23.7031547,23.2302114,0.0
2020-06-16 03:00:00+00:00,4135001,HmiyD2TTLFNqkNe,22.499713000000003,21.391532466666668,0.0
2020-06-16 03:15:00+00:00,4135001,HmiyD2TTLFNqkNe,22.458070800000005,21.181779,0.0
2020-06-16 03:15:00+00:00,4136001,iq8k7ZNt4Mwm3w0,24.000390517241385,23.13305151724138,0.0
2020-06-16 03:30:00+00:00,4135001,HmiyD2TTLFNqkNe,22.399773714285715,20.989717642857144,0.0
2020-06-16 03:30:00+00:00,4136001,iq8k7ZNt4Mwm3w0,24.0750521,22.90254403333333,0.0
2020-06-16 03:45:00+00:00,4136001,iq8k7ZNt4Mwm3w0,24.046031310344823,22.70867193103448,0.0
2020-06-16 03:45:00+00:00,4135001,HmiyD2TTLFNqkNe,22.4348244,21.0618022,0.0
2020-06-16 04:00:00+00:00,4136001,iq8k7ZNt4Mwm3w0,24.0400963,22.55592033333334,0.0
2020-06-16 04:00:00+00:00,4135001,HmiyD2TTLFNqkNe,22.5443968,21.4435628,0.0
2020-06-16 04:15:00+00:00,4136001,iq8k7ZNt4Mwm3w0,24.002804689655168,22.56424272413793,0.0
2020-06-16 04:15:00+00:00,4135001,HmiyD2TTLFNqkNe,22.5694072,21.518406266666663,0.0
2020-06-16 04:30:00+00:00,4135001,HmiyD2TTLFNqkNe,22.590698266666667,21.7528688,0.0
2020-06-16 04:30:00+00:00,4136001,iq8k7ZNt4Mwm3w0,24.007177966666664,22.7844391,0.0
2020-06-16 04:45:00+00:00,4135001,HmiyD2TTLFNqkNe,22.652595733333328,22.0547526,0.0
2020-06-16 04:45:00+00:00,4136001,iq8k7ZNt4Mwm3w0,24.005709066666668,22.99325466666667,0.0
2020-06-16 05:00:00+00:00,4136001,iq8k7ZNt4Mwm3w0,24.05566962068966,23.299116586206896,0.0
2020-06-16 05:00:00+00:00,4135001,HmiyD2TTLFNqkNe,22.692254533333333,22.127937733333336,0.0
2020-06-16 05:15:00+00:00,4135001,HmiyD2TTLFNqkNe,22.6955222,21.929762933333333,0.0
2020-06-16 05:15:00+00:00,4136001,iq8k7ZNt4Mwm3w0,24.045504033333334,23.1849335,0.0
2020-06-16 05:30:00+00:00,4136001,iq8k7ZNt4Mwm3w0,24.07248475862069,22.98191475862069,0.0
2020-06-16 05:30:00+00:00,4135001,HmiyD2TTLFNqkNe,22.571179266666665,21.587780733333336,0.0
2020-06-16 05:45:00+00:00,4136001,iq8k7ZNt4Mwm3w0,24.026341999999996,22.9824371,0.0003096604275
2020-06-16 05:45:00+00:00,4135001,HmiyD2TTLFNqkNe,22.452933666666667,21.47074393333333,4.49041162e-05
2020-06-16 06:00:00+00:00,4136001,iq8k7ZNt4Mwm3w0,24.0312691724138,23.13576431034483,0.0078786957413793
2020-06-16 06:00:00+00:00,4135001,HmiyD2TTLFNqkNe,22.494378142857144,21.69032292857143,0.003851879775
2020-06-16 06:15:00+00:00,4136001,iq8k7ZNt4Mwm3w0,24.226424166666675,23.72798766666666,0.0272717213666666
2020-06-16 06:15:00+00:00,4135001,HmiyD2TTLFNqkNe,22.654567466666663,22.05121253333333,0.0141838213333333
2020-06-16 06:30:00+00:00,4136001,iq8k7ZNt4Mwm3w0,24.453495448275856,24.644800655172418,0.0508422554827586
2020-06-16 06:30:00+00:00,4135001,HmiyD2TTLFNqkNe,22.7384398,22.45022773333333,0.0468413084666666
2020-06-16 06:45:00+00:00,4136001,iq8k7ZNt4Mwm3w0,24.652406633333328,25.55196726666667,0.0809884197666666
2020-06-16 06:45:00+00:00,4135001,HmiyD2TTLFNqkNe,22.961183666666667,23.921439533333327,0.0706118121333333
2020-06-16 07:00:00+00:00,4136001,iq8k7ZNt4Mwm3w0,24.937872199999997,26.587941566666665,0.1142949158
2020-06-16 07:00:00+00:00,4135001,HmiyD2TTLFNqkNe,23.138751200000005,24.801971466666664,0.1017261071999999
2020-06-16 07:15:00+00:00,4136001,iq8k7ZNt4Mwm3w0,25.151438862068964,27.4229261724138,0.137224215137931
2020-06-16 07:15:00+00:00,4135001,HmiyD2TTLFNqkNe,23.25484613333333,25.770912666666668,0.167161456
2020-06-16 07:30:00+00:00,4136001,iq8k7ZNt4Mwm3w0,25.37138456666667,28.49546413333333,0.1741159716666666
2020-06-16 07:30:00+00:00,4135001,HmiyD2TTLFNqkNe,23.595815066666667,28.376147533333327,0.206390628
2020-06-16 07:45:00+00:00,4136001,iq8k7ZNt4Mwm3w0,25.650555724137927,29.344728517241386,0.1999448096551724
2020-06-16 07:45:00+00:00,4135001,HmiyD2TTLFNqkNe,23.800502533333333,29.75697633333333,0.2582670813333333
2020-06-16 08:00:00+00:00,4136001,iq8k7ZNt4Mwm3w0,25.99828293333333,30.62721456666667,0.2459549753333333
2020-06-16 08:00:00+00:00,4135001,HmiyD2TTLFNqkNe,24.273189266666662,32.9937198,0.353673456
2020-06-16 08:15:00+00:00,4136001,iq8k7ZNt4Mwm3w0,26.51300062068965,32.46179948275864,0.2993449948275862
2020-06-16 08:15:00+00:00,4135001,HmiyD2TTLFNqkNe,24.568143428571428,34.32752778571429,0.32255192
2020-06-16 08:30:00+00:00,4136001,iq8k7ZNt4Mwm3w0,26.84512623333333,33.790195566666675,0.3334688676666667
2020-06-16 08:30:00+00:00,4135001,HmiyD2TTLFNqkNe,24.833713600000003,34.94457799999999,0.402276302
2020-06-16 08:45:00+00:00,4136001,iq8k7ZNt4Mwm3w0,26.954664344827584,33.82962682758622,0.3349574768965517
2020-06-16 08:45:00+00:00,4135001,HmiyD2TTLFNqkNe,25.266322866666663,37.48621606666667,0.4147560933333333
2020-06-16 09:00:00+00:00,4135001,HmiyD2TTLFNqkNe,25.405088333333328,37.028379066666666,0.410816618
2020-06-16 09:00:00+00:00,4136001,iq8k7ZNt4Mwm3w0,27.07185513793104,34.197098586206884,0.3541714110344829
2020-06-16 09:15:00+00:00,4135001,HmiyD2TTLFNqkNe,25.76177973333333,38.08438906666666,0.46019857
2020-06-16 09:15:00+00:00,4136001,iq8k7ZNt4Mwm3w0,26.756863333333328,32.452368333333325,0.275874822
2020-06-16 09:30:00+00:00,4136001,iq8k7ZNt4Mwm3w0,27.18115962068965,34.36980244827585,0.3721497541379311
2020-06-16 09:30:00+00:00,4135001,HmiyD2TTLFNqkNe,26.016273933333327,39.71077913333334,0.5521471146666667
2020-06-16 09:45:00+00:00,4136001,iq8k7ZNt4Mwm3w0,27.4878663,35.95871056666667,0.4241206086666666
2020-06-16 09:45:00+00:00,4135001,HmiyD2TTLFNqkNe,26.3412638,42.884138933333325,0.63615115
2020-06-16 10:00:00+00:00,4135001,HmiyD2TTLFNqkNe,26.7102622,46.827693800000006,0.8289793113333334
2020-06-16 10:00:00+00:00,4136001,iq8k7ZNt4Mwm3w0,27.86508813793104,36.855866448275854,0.4501332131034482
2020-06-16 10:15:00+00:00,4135001,HmiyD2TTLFNqkNe,27.3343506,49.562795,0.7204248719999999
2020-06-16 10:15:00+00:00,4136001,iq8k7ZNt4Mwm3w0,28.315391033333327,39.082299766666665,0.5222235923333332
2020-06-16 10:30:00+00:00,4135001,HmiyD2TTLFNqkNe,27.42023371428571,47.050576142857146,0.5909023807142856
2020-06-16 10:30:00+00:00,4136001,iq8k7ZNt4Mwm3w0,28.50779148275862,39.2861232413793,0.4539040027586206
2020-06-16 10:45:00+00:00,4135001,HmiyD2TTLFNqkNe,27.318863800000003,45.9083192,0.6752527859999999
2020-06-16 10:45:00+00:00,4136001,iq8k7ZNt4Mwm3w0,28.663845800000004,39.3069314,0.4735442633333332
2020-06-16 11:00:00+00:00,4136001,iq8k7ZNt4Mwm3w0,28.428806758620688,37.97691079310346,0.4350143279310344
2020-06-16 11:00:00+00:00,4135001,HmiyD2TTLFNqkNe,27.994940266666667,53.25080986666667,0.9182852226666663
2020-06-16 11:15:00+00:00,4136001,iq8k7ZNt4Mwm3w0,28.543545533333333,38.4572754,0.4930474616666666
2020-06-16 11:15:00+00:00,4135001,HmiyD2TTLFNqkNe,27.928853400000005,48.67373446666666,0.5986946806666666
2020-06-16 11:30:00+00:00,4136001,iq8k7ZNt4Mwm3w0,29.67149510344827,44.916273482758605,0.7684594155172412
2020-06-16 11:30:00+00:00,4135001,HmiyD2TTLFNqkNe,27.818320733333337,43.250374533333336,0.4207671039999999
2020-06-16 11:45:00+00:00,4136001,iq8k7ZNt4Mwm3w0,29.99492096666667,46.36462913333333,0.6149510469999999
2020-06-16 11:45:00+00:00,4135001,HmiyD2TTLFNqkNe,28.167818333333337,44.0384016,0.5218388100000001
2020-06-16 12:00:00+00:00,4135001,HmiyD2TTLFNqkNe,27.874310399999995,38.48475933333333,0.2222456033333333
2020-06-16 12:00:00+00:00,4136001,iq8k7ZNt4Mwm3w0,29.50476093103448,42.10252848275862,0.5206054248275863
2020-06-16 12:15:00+00:00,4135001,HmiyD2TTLFNqkNe,27.3941652,37.038040933333335,0.429468928
2020-06-16 12:15:00+00:00,4136001,iq8k7ZNt4Mwm3w0,28.9934031,39.03961593333332,0.3585138956666666
2020-06-16 12:30:00+00:00,4135001,HmiyD2TTLFNqkNe,27.964037071428567,45.40855414285714,0.4833998399999999
2020-06-16 12:30:00+00:00,4136001,iq8k7ZNt4Mwm3w0,28.96235703448276,38.161419068965515,0.5022143431034481
2020-06-16 12:45:00+00:00,4135001,HmiyD2TTLFNqkNe,28.30027873333333,46.0441244,0.5028826646666666
2020-06-16 12:45:00+00:00,4136001,iq8k7ZNt4Mwm3w0,29.784460466666665,41.95145250000001,0.5490756356666665
2020-06-16 13:00:00+00:00,4135001,HmiyD2TTLFNqkNe,27.9916526,41.8464274,0.319418066
2020-06-16 13:00:00+00:00,4136001,iq8k7ZNt4Mwm3w0,29.940903275862063,41.30325327586206,0.5731489579310346
2020-06-16 13:15:00+00:00,4136001,iq8k7ZNt4Mwm3w0,30.244002366666663,42.88808180000001,0.5665455406666667
2020-06-16 13:15:00+00:00,4135001,HmiyD2TTLFNqkNe,27.832635533333328,41.04779260000001,0.5032727366666667
2020-06-16 13:30:00+00:00,4136001,iq8k7ZNt4Mwm3w0,29.720905172413797,39.2953772413793,0.3407377748275862
2020-06-16 13:30:00+00:00,4135001,HmiyD2TTLFNqkNe,28.40100513333333,45.513633466666654,0.5822891546666668
2020-06-16 13:45:00+00:00,4136001,iq8k7ZNt4Mwm3w0,29.208245689655172,37.28502382758621,0.407790492413793
2020-06-16 13:45:00+00:00,4135001,HmiyD2TTLFNqkNe,28.5019692,41.4494812,0.4094128093333333
2020-06-16 14:00:00+00:00,4135001,HmiyD2TTLFNqkNe,28.79405306666667,43.01357606666667,0.430022742
2020-06-16 14:00:00+00:00,4136001,iq8k7ZNt4Mwm3w0,29.726076100000007,39.763498066666656,0.4503316196666666
2020-06-16 14:15:00+00:00,4135001,HmiyD2TTLFNqkNe,28.307661933333332,38.786185733333326,0.3048436553333333
2020-06-16 14:15:00+00:00,4136001,iq8k7ZNt4Mwm3w0,30.42987363333333,40.68005649999999,0.492802766
2020-06-16 14:30:00+00:00,4135001,HmiyD2TTLFNqkNe,28.7229654,43.40939126666667,0.7181465133333333
2020-06-16 14:30:00+00:00,4136001,iq8k7ZNt4Mwm3w0,30.833512862068968,44.37650713793103,0.5629444603448277
2020-06-16 14:45:00+00:00,4135001,HmiyD2TTLFNqkNe,29.282915285714285,47.94010285714285,0.5257635171428571
2020-06-16 14:45:00+00:00,4136001,iq8k7ZNt4Mwm3w0,30.503409551724143,41.55000024137932,0.4470176755172414
2020-06-16 15:00:00+00:00,4135001,HmiyD2TTLFNqkNe,28.405712933333334,39.4493672,0.2822451986666666
2020-06-16 15:00:00+00:00,4136001,iq8k7ZNt4Mwm3w0,30.029818700000003,38.34786576666667,0.3539153346666665
2020-06-16 15:15:00+00:00,4135001,HmiyD2TTLFNqkNe,28.018060266666662,36.67894273333333,0.3201579573333333
2020-06-16 15:15:00+00:00,4136001,iq8k7ZNt4Mwm3w0,29.81993893103449,37.0976982413793,0.3624977403448275
2020-06-16 15:30:00+00:00,4135001,HmiyD2TTLFNqkNe,27.99871413333333,38.17277626666667,0.4274141633333333
2020-06-16 15:30:00+00:00,4136001,iq8k7ZNt4Mwm3w0,29.93420393103448,38.35378168965518,0.4094117217241379
2020-06-16 15:45:00+00:00,4135001,HmiyD2TTLFNqkNe,28.175795466666663,38.97982593333333,0.3585119633333332
2020-06-16 15:45:00+00:00,4136001,iq8k7ZNt4Mwm3w0,30.168884233333344,37.839531366666655,0.3314528773333334
2020-06-16 16:00:00+00:00,4136001,iq8k7ZNt4Mwm3w0,29.61759165517241,34.59173679310345,0.1742421517241379
2020-06-16 16:00:00+00:00,4135001,HmiyD2TTLFNqkNe,28.046335933333328,37.409806,0.345676682
2020-06-16 16:15:00+00:00,4136001,iq8k7ZNt4Mwm3w0,29.74619146666667,34.781945699999994,0.2446072813333333
2020-06-16 16:15:00+00:00,4135001,HmiyD2TTLFNqkNe,27.96042866666667,35.6392172,0.2479111146666666
2020-06-16 16:30:00+00:00,4136001,iq8k7ZNt4Mwm3w0,29.3732635862069,33.490053206896555,0.1390864883103448
2020-06-16 16:30:00+00:00,4135001,HmiyD2TTLFNqkNe,27.695955466666668,32.8359476,0.1895537733333333
2020-06-16 16:45:00+00:00,4135001,HmiyD2TTLFNqkNe,27.426601,31.4595755,0.1614167364285714
2020-06-16 16:45:00+00:00,4136001,iq8k7ZNt4Mwm3w0,29.002871666666667,31.513062533333333,0.1172127412666666
2020-06-16 17:00:00+00:00,4136001,iq8k7ZNt4Mwm3w0,28.912975379310335,31.268025448275868,0.0852988124482758
2020-06-16 17:00:00+00:00,4135001,HmiyD2TTLFNqkNe,27.1594952,30.26335453333333,0.138821146
2020-06-16 17:15:00+00:00,4135001,HmiyD2TTLFNqkNe,26.824678533333337,29.386724733333327,0.1235097679333333
2020-06-16 17:15:00+00:00,4136001,iq8k7ZNt4Mwm3w0,28.43125003333333,29.47821053333333,0.0333181408999999
2020-06-16 17:30:00+00:00,4135001,HmiyD2TTLFNqkNe,26.401951266666664,28.3863546,0.1023283072
2020-06-16 17:30:00+00:00,4136001,iq8k7ZNt4Mwm3w0,28.318011137931038,29.483777172413784,0.0679997884482758
2020-06-16 17:45:00+00:00,4136001,iq8k7ZNt4Mwm3w0,28.160633266666668,29.38294266666667,0.0553903700666666
2020-06-16 17:45:00+00:00,4135001,HmiyD2TTLFNqkNe,26.144761066666668,27.2317426,0.0729025029333333
2020-06-16 18:00:00+00:00,4135001,HmiyD2TTLFNqkNe,25.890207866666664,26.162266133333336,0.0488549196666666
2020-06-16 18:00:00+00:00,4136001,iq8k7ZNt4Mwm3w0,27.803931862068968,28.5828594137931,0.0270350241724137
2020-06-16 18:15:00+00:00,4136001,iq8k7ZNt4Mwm3w0,27.565023833333328,27.729070033333336,0.0170127839333333
2020-06-16 18:15:00+00:00,4135001,HmiyD2TTLFNqkNe,25.614040133333333,25.099682599999998,0.0247498541333333
2020-06-16 18:30:00+00:00,4136001,iq8k7ZNt4Mwm3w0,27.35852893103448,27.194241172413797,0.0096089534517241
2020-06-16 18:30:00+00:00,4135001,HmiyD2TTLFNqkNe,25.386586466666667,24.1691102,0.0070536268133333
2020-06-16 18:45:00+00:00,4136001,iq8k7ZNt4Mwm3w0,27.16739082758621,26.857379793103448,0.0018699148013793
2020-06-16 18:45:00+00:00,4135001,HmiyD2TTLFNqkNe,25.18057035714285,23.46554121428572,5.614888285714287e-05
2020-06-16 19:00:00+00:00,4136001,iq8k7ZNt4Mwm3w0,26.27286776666667,26.15560703333333,0.0
2020-06-16 19:00:00+00:00,4135001,HmiyD2TTLFNqkNe,24.986523400000003,23.094964466666667,0.0
2020-06-16 19:15:00+00:00,4135001,HmiyD2TTLFNqkNe,24.872993933333333,23.475244266666667,0.0
2020-06-16 19:15:00+00:00,4136001,iq8k7ZNt4Mwm3w0,26.031714172413796,25.646704275862074,0.0
2020-06-16 19:30:00+00:00,4136001,iq8k7ZNt4Mwm3w0,25.9472687,25.67136833333333,0.0
2020-06-16 19:30:00+00:00,4135001,HmiyD2TTLFNqkNe,24.442285133333336,23.068772466666665,0.0
2020-06-16 19:45:00+00:00,4136001,iq8k7ZNt4Mwm3w0,25.383153166666663,25.148636833333327,0.0
2020-06-16 19:45:00+00:00,4135001,HmiyD2TTLFNqkNe,24.105043466666668,22.125270533333328,0.0
2020-06-16 20:00:00+00:00,4136001,iq8k7ZNt4Mwm3w0,25.054365448275863,24.751304896551726,0.0
2020-06-16 20:00:00+00:00,4135001,HmiyD2TTLFNqkNe,23.90370066666667,21.6543518,0.0
2020-06-16 20:15:00+00:00,4135001,HmiyD2TTLFNqkNe,23.837534466666664,21.472778333333338,0.0
2020-06-16 20:15:00+00:00,4136001,iq8k7ZNt4Mwm3w0,24.9061888,24.5387288,0.0
2020-06-16 20:30:00+00:00,4135001,HmiyD2TTLFNqkNe,23.731559266666665,21.342250600000003,0.0
2020-06-16 20:30:00+00:00,4136001,iq8k7ZNt4Mwm3w0,24.60179075862069,24.29950265517241,0.0
2020-06-16 20:45:00+00:00,4136001,iq8k7ZNt4Mwm3w0,24.54720793333333,24.2202108,0.0
2020-06-16 20:45:00+00:00,4135001,HmiyD2TTLFNqkNe,23.63031613333333,21.26215206666667,0.0
2020-06-16 21:00:00+00:00,4135001,HmiyD2TTLFNqkNe,23.54011321428572,21.28716157142857,0.0
2020-06-16 21:00:00+00:00,4136001,iq8k7ZNt4Mwm3w0,24.532666448275865,24.43909203448276,0.0
2020-06-16 21:15:00+00:00,4136001,iq8k7ZNt4Mwm3w0,24.660873333333328,24.546877966666663,0.0
2020-06-16 21:15:00+00:00,4135001,HmiyD2TTLFNqkNe,23.47867833333333,21.77463793333333,0.0
2020-06-16 21:30:00+00:00,4136001,iq8k7ZNt4Mwm3w0,24.715810724137928,24.41328068965517,0.0
2020-06-16 21:30:00+00:00,4135001,HmiyD2TTLFNqkNe,23.456827866666668,21.562624133333337,0.0
2020-06-16 21:45:00+00:00,4136001,iq8k7ZNt4Mwm3w0,24.529312,24.179370033333335,0.0
2020-06-16 21:45:00+00:00,4135001,HmiyD2TTLFNqkNe,23.27699386666667,21.23533533333333,0.0
2020-06-16 22:00:00+00:00,4135001,HmiyD2TTLFNqkNe,23.0816692,20.936218266666668,0.0
2020-06-16 22:00:00+00:00,4136001,iq8k7ZNt4Mwm3w0,24.22657483333333,24.19399109999999,0.0
2020-06-16 22:15:00+00:00,4135001,HmiyD2TTLFNqkNe,22.92795193333333,20.6880636,0.0
2020-06-16 22:15:00+00:00,4136001,iq8k7ZNt4Mwm3w0,24.013480620689656,23.69034565517241,0.0
2020-06-16 22:30:00+00:00,4135001,HmiyD2TTLFNqkNe,22.8635354,20.536962866666663,0.0
2020-06-16 22:30:00+00:00,4136001,iq8k7ZNt4Mwm3w0,23.9964591,23.807730100000004,0.0
2020-06-16 22:45:00+00:00,4136001,iq8k7ZNt4Mwm3w0,23.6294304137931,23.11803037931034,0.0
2020-06-16 22:45:00+00:00,4135001,HmiyD2TTLFNqkNe,22.87235926666667,20.92511186666667,0.0
2020-06-16 23:00:00+00:00,4136001,iq8k7ZNt4Mwm3w0,23.707056833333336,22.795114166666668,0.0
2020-06-16 23:00:00+00:00,4135001,HmiyD2TTLFNqkNe,22.962205000000004,21.606494266666665,0.0
2020-06-16 23:15:00+00:00,4136001,iq8k7ZNt4Mwm3w0,23.738334793103448,22.68643403448276,0.0
2020-06-16 23:15:00+00:00,4135001,HmiyD2TTLFNqkNe,22.947974214285715,21.32625042857143,0.0
2020-06-16 23:30:00+00:00,4136001,iq8k7ZNt4Mwm3w0,23.85089086363636,22.79828709090909,0.0
2020-06-16 23:30:00+00:00,4135001,HmiyD2TTLFNqkNe,22.9250326,21.164687,0.0
2020-06-16 23:45:00+00:00,4136001,iq8k7ZNt4Mwm3w0,24.038416586206896,23.19606179310345,3.706513620689655e-05
2020-06-16 23:45:00+00:00,4135001,HmiyD2TTLFNqkNe,22.8920044,21.21659966666667,0.0
2020-06-17 00:00:00+00:00,4135001,HmiyD2TTLFNqkNe,22.895672466666667,21.4657734,0.0
2020-06-17 00:00:00+00:00,4136001,iq8k7ZNt4Mwm3w0,24.1493894,23.853162633333334,2.4313024333333335e-05
2020-06-17 00:15:00+00:00,4135001,HmiyD2TTLFNqkNe,22.868416400000005,21.381974333333336,0.0
2020-06-17 00:15:00+00:00,4136001,iq8k7ZNt4Mwm3w0,24.140737482758617,23.967333448275856,0.0
2020-06-17 00:30:00+00:00,4135001,HmiyD2TTLFNqkNe,22.826764000000004,21.210284466666668,0.0
2020-06-17 00:30:00+00:00,4136001,iq8k7ZNt4Mwm3w0,24.0548566,23.8616436,0.0
2020-06-17 00:45:00+00:00,4136001,iq8k7ZNt4Mwm3w0,24.007380241379312,23.76092113793104,0.0
2020-06-17 00:45:00+00:00,4135001,HmiyD2TTLFNqkNe,22.795615466666668,21.3571554,0.0
2020-06-17 01:00:00+00:00,4135001,HmiyD2TTLFNqkNe,22.771451866666663,21.47204793333333,0.0
2020-06-17 01:00:00+00:00,4136001,iq8k7ZNt4Mwm3w0,23.982121,23.71447866666666,0.0
2020-06-17 01:15:00+00:00,4136001,iq8k7ZNt4Mwm3w0,24.055678,23.785183586206895,0.0
2020-06-17 01:15:00+00:00,4135001,HmiyD2TTLFNqkNe,22.74187364285714,21.349182142857146,0.0
2020-06-17 01:30:00+00:00,4136001,iq8k7ZNt4Mwm3w0,24.11391813333333,23.751051766666663,0.0
2020-06-17 01:30:00+00:00,4135001,HmiyD2TTLFNqkNe,22.687184666666667,21.247636,0.0
2020-06-17 01:45:00+00:00,4136001,iq8k7ZNt4Mwm3w0,24.11729596551724,23.703195551724136,0.0
2020-06-17 01:45:00+00:00,4135001,HmiyD2TTLFNqkNe,22.602610333333327,21.096276733333337,0.0
2020-06-17 02:00:00+00:00,4136001,iq8k7ZNt4Mwm3w0,24.049432666666668,23.611703566666662,0.0
2020-06-17 02:00:00+00:00,4135001,HmiyD2TTLFNqkNe,22.6269064,21.193654466666665,0.0
2020-06-17 02:15:00+00:00,4135001,HmiyD2TTLFNqkNe,22.6140116,21.31661153333333,0.0
2020-06-17 02:15:00+00:00,4136001,iq8k7ZNt4Mwm3w0,24.0073791724138,23.67943513793103,0.0
2020-06-17 02:30:00+00:00,4136001,iq8k7ZNt4Mwm3w0,24.043565133333328,23.627613233333335,0.0
2020-06-17 02:30:00+00:00,4135001,HmiyD2TTLFNqkNe,22.663737,21.763271133333337,0.0
2020-06-17 02:45:00+00:00,4135001,HmiyD2TTLFNqkNe,22.774051866666664,22.108378,0.0
2020-06-17 02:45:00+00:00,4136001,iq8k7ZNt4Mwm3w0,24.148901233333337,23.613637299999997,0.0
2020-06-17 03:00:00+00:00,4136001,iq8k7ZNt4Mwm3w0,24.040288517241375,23.441451448275867,0.0
2020-06-17 03:00:00+00:00,4135001,HmiyD2TTLFNqkNe,22.852022266666665,22.4946594,0.0
2020-06-17 03:15:00+00:00,4136001,iq8k7ZNt4Mwm3w0,22.963709433333335,22.606509366666664,0.0
2020-06-17 03:15:00+00:00,4135001,HmiyD2TTLFNqkNe,22.81974493333333,22.48667,0.0
2020-06-17 03:30:00+00:00,4135001,HmiyD2TTLFNqkNe,22.77129513333333,22.362780800000003,0.0
2020-06-17 03:30:00+00:00,4136001,iq8k7ZNt4Mwm3w0,22.602686137931038,22.24742313793104,0.0
2020-06-17 03:45:00+00:00,4135001,HmiyD2TTLFNqkNe,22.788774857142855,22.275460428571428,0.0
2020-06-17 03:45:00+00:00,4136001,iq8k7ZNt4Mwm3w0,22.7471992,22.305839133333333,0.0
2020-06-17 04:00:00+00:00,4135001,HmiyD2TTLFNqkNe,22.8229758,22.151271533333336,0.0
2020-06-17 04:00:00+00:00,4136001,iq8k7ZNt4Mwm3w0,22.807348499999996,22.3772238,0.0
2020-06-17 04:15:00+00:00,4135001,HmiyD2TTLFNqkNe,22.7428528,21.91627006666667,0.0
2020-06-17 04:15:00+00:00,4136001,iq8k7ZNt4Mwm3w0,22.948314724137933,22.22376027586207,0.0
2020-06-17 04:30:00+00:00,4135001,HmiyD2TTLFNqkNe,22.554170733333333,21.6825296,0.0
2020-06-17 04:30:00+00:00,4136001,iq8k7ZNt4Mwm3w0,22.971486333333328,22.078924633333333,8.189851403333336e-05
2020-06-17 04:45:00+00:00,4135001,HmiyD2TTLFNqkNe,22.414825466666667,21.4082114,0.0
2020-06-17 04:45:00+00:00,4136001,iq8k7ZNt4Mwm3w0,22.75740386206896,21.963833655172408,0.0
2020-06-17 05:00:00+00:00,4135001,HmiyD2TTLFNqkNe,22.35033773333333,21.41950486666666,0.0
2020-06-17 05:00:00+00:00,4136001,iq8k7ZNt4Mwm3w0,22.7138253,21.9248749,0.0
2020-06-17 05:15:00+00:00,4136001,iq8k7ZNt4Mwm3w0,22.699171,21.97272155172413,0.0
2020-06-17 05:15:00+00:00,4135001,HmiyD2TTLFNqkNe,22.350765000000003,21.737540666666668,0.0
2020-06-17 05:30:00+00:00,4135001,HmiyD2TTLFNqkNe,22.17537633333333,21.605226666666663,0.0
2020-06-17 05:30:00+00:00,4136001,iq8k7ZNt4Mwm3w0,22.6257516,22.01064356666667,0.0
2020-06-17 05:45:00+00:00,4135001,HmiyD2TTLFNqkNe,21.707153333333327,20.7132262,0.0
2020-06-17 05:45:00+00:00,4136001,iq8k7ZNt4Mwm3w0,22.5515857,21.9083763,0.0001945111540666
2020-06-17 06:00:00+00:00,4135001,HmiyD2TTLFNqkNe,21.69549992857143,20.599559285714285,0.0028424610064285
2020-06-17 06:00:00+00:00,4136001,iq8k7ZNt4Mwm3w0,22.577129517241385,21.965800413793104,0.0038972908827586
2020-06-17 06:15:00+00:00,4136001,iq8k7ZNt4Mwm3w0,22.6252512,22.165983133333327,0.0173870453666666
2020-06-17 06:15:00+00:00,4135001,HmiyD2TTLFNqkNe,22.093398,20.82297773333333,0.0191750494666666
2020-06-17 06:30:00+00:00,4135001,HmiyD2TTLFNqkNe,22.2756266,21.973567733333333,0.0346240851333333
2020-06-17 06:30:00+00:00,4136001,iq8k7ZNt4Mwm3w0,22.74754265517241,22.557784551724144,0.0365596514827586
2020-06-17 06:45:00+00:00,4135001,HmiyD2TTLFNqkNe,22.335686384615386,23.15451523076923,0.045347547
2020-06-17 06:45:00+00:00,4136001,iq8k7ZNt4Mwm3w0,22.9437256,22.734243766666665,0.0382369183
2020-06-17 07:00:00+00:00,4135001,HmiyD2TTLFNqkNe,22.482625266666663,24.277018266666666,0.0933161474666666
2020-06-17 07:00:00+00:00,4136001,iq8k7ZNt4Mwm3w0,23.04807344827586,22.764368586206903,0.0411929848275862
2020-06-17 07:15:00+00:00,4135001,HmiyD2TTLFNqkNe,22.711220200000003,25.8125894,0.1437652418
2020-06-17 07:15:00+00:00,4136001,iq8k7ZNt4Mwm3w0,23.177676766666664,23.225179099999995,0.0483592085333333
2020-06-17 07:30:00+00:00,4135001,HmiyD2TTLFNqkNe,22.99848413333333,28.593758200000003,0.2278736373333333
2020-06-17 07:30:00+00:00,4136001,iq8k7ZNt4Mwm3w0,23.356808379310348,23.9482885862069,0.0634568153793103
2020-06-17 07:45:00+00:00,4136001,iq8k7ZNt4Mwm3w0,23.559034033333337,24.327505466666665,0.0816382889666666
2020-06-17 07:45:00+00:00,4135001,HmiyD2TTLFNqkNe,23.364750200000003,30.827225666666664,0.2681349153333333
2020-06-17 08:00:00+00:00,4135001,HmiyD2TTLFNqkNe,23.751955,31.084741200000003,0.2345097293333333
2020-06-17 08:00:00+00:00,4136001,iq8k7ZNt4Mwm3w0,23.68637617241379,24.56949586206897,0.1145608286551724
2020-06-17 08:15:00+00:00,4136001,iq8k7ZNt4Mwm3w0,23.927684896551728,25.617205310344826,0.117114516275862
2020-06-17 08:15:00+00:00,4135001,HmiyD2TTLFNqkNe,24.041337,31.60524686666667,0.2610877493333334
2020-06-17 08:30:00+00:00,4136001,iq8k7ZNt4Mwm3w0,23.909512133333337,25.18560986666667,0.1322503906666666
2020-06-17 08:30:00+00:00,4135001,HmiyD2TTLFNqkNe,24.25599892857143,32.83224278571429,0.2754482242857142
2020-06-17 08:45:00+00:00,4136001,iq8k7ZNt4Mwm3w0,24.104574413793102,25.48009506896552,0.1701928875862069
2020-06-17 08:45:00+00:00,4135001,HmiyD2TTLFNqkNe,24.443902533333333,32.258191,0.262713
2020-06-17 09:00:00+00:00,4135001,HmiyD2TTLFNqkNe,24.68842373333333,34.1126014,0.3381332306666667
2020-06-17 09:00:00+00:00,4136001,iq8k7ZNt4Mwm3w0,23.981644766666665,24.9001047,0.1183198545
2020-06-17 09:15:00+00:00,4135001,HmiyD2TTLFNqkNe,24.982682266666668,34.559212133333325,0.3666457480000001
2020-06-17 09:15:00+00:00,4136001,iq8k7ZNt4Mwm3w0,24.04044548275862,24.95021010344828,0.120616978
2020-06-17 09:30:00+00:00,4136001,iq8k7ZNt4Mwm3w0,24.281436166666655,25.8621012,0.220836565
2020-06-17 09:30:00+00:00,4135001,HmiyD2TTLFNqkNe,25.439449133333333,37.621647133333326,0.4660193226666666
2020-06-17 09:45:00+00:00,4136001,iq8k7ZNt4Mwm3w0,24.92831110344828,28.395366862068965,0.3745028272413792
2020-06-17 09:45:00+00:00,4135001,HmiyD2TTLFNqkNe,25.527582066666668,37.25813600000001,0.3833396619999999
2020-06-17 10:00:00+00:00,4136001,iq8k7ZNt4Mwm3w0,25.643934066666663,31.385303866666668,0.3563217239999999
2020-06-17 10:00:00+00:00,4135001,HmiyD2TTLFNqkNe,25.68465353333333,37.61702466666667,0.4246341313333333
2020-06-17 10:15:00+00:00,4135001,HmiyD2TTLFNqkNe,25.957446399999995,38.814910666666655,0.4543548386666667
2020-06-17 10:15:00+00:00,4136001,iq8k7ZNt4Mwm3w0,26.053684466666667,32.553692600000005,0.299062996
2020-06-17 10:30:00+00:00,4136001,iq8k7ZNt4Mwm3w0,26.16922927586207,32.285136206896546,0.288015658275862
2020-06-17 10:30:00+00:00,4135001,HmiyD2TTLFNqkNe,26.182826666666664,40.22812886666667,0.5010602806666667
2020-06-17 10:45:00+00:00,4136001,iq8k7ZNt4Mwm3w0,26.079586766666672,31.061916133333327,0.309599092
2020-06-17 10:45:00+00:00,4135001,HmiyD2TTLFNqkNe,26.47013421428571,41.11575328571428,0.464913585
2020-06-17 11:00:00+00:00,4135001,HmiyD2TTLFNqkNe,26.236733,37.096722333333325,0.4508577206666666
2020-06-17 11:00:00+00:00,4136001,iq8k7ZNt4Mwm3w0,26.185345793103448,31.186229793103447,0.3145844658620689
2020-06-17 11:15:00+00:00,4136001,iq8k7ZNt4Mwm3w0,26.31244396666667,31.6446106,0.2107782023333333
2020-06-17 11:15:00+00:00,4135001,HmiyD2TTLFNqkNe,26.771500733333337,42.28302813333334,0.564246406
2020-06-17 11:30:00+00:00,4135001,HmiyD2TTLFNqkNe,27.251393533333328,41.926712666666674,0.5372297933333333
2020-06-17 11:30:00+00:00,4136001,iq8k7ZNt4Mwm3w0,26.714392275862068,33.68988655172414,0.401902425862069
2020-06-17 11:45:00+00:00,4135001,HmiyD2TTLFNqkNe,27.742724733333336,46.33160186666667,0.892716588
2020-06-17 11:45:00+00:00,4136001,iq8k7ZNt4Mwm3w0,27.664736866666665,38.98331386666667,0.4954889353333333
2020-06-17 12:00:00+00:00,4135001,HmiyD2TTLFNqkNe,28.4727662,51.776054,0.8971673586666666
2020-06-17 12:00:00+00:00,4136001,iq8k7ZNt4Mwm3w0,27.60099303448276,37.102779068965525,0.3403715472413793
2020-06-17 12:15:00+00:00,4135001,HmiyD2TTLFNqkNe,28.649094666666667,53.773537133333335,1.0312303086666668
2020-06-17 12:15:00+00:00,4136001,iq8k7ZNt4Mwm3w0,27.8761057,37.319988066666674,0.5203204733333333
2020-06-17 12:30:00+00:00,4136001,iq8k7ZNt4Mwm3w0,28.204097413793104,37.502085620689655,0.4708963844827586
2020-06-17 12:30:00+00:00,4135001,HmiyD2TTLFNqkNe,28.941943333333327,51.34074066666668,0.718821216
2020-06-17 12:45:00+00:00,4136001,iq8k7ZNt4Mwm3w0,28.534304866666663,38.70709236666667,0.5136595323333331
2020-06-17 12:45:00+00:00,4135001,HmiyD2TTLFNqkNe,29.028007,47.83913766666667,0.7001748986666666
2020-06-17 13:00:00+00:00,4135001,HmiyD2TTLFNqkNe,28.579515642857142,43.52298428571428,0.4894874157142857
2020-06-17 13:00:00+00:00,4136001,iq8k7ZNt4Mwm3w0,28.73062768965517,39.987019448275866,0.5109659972413793
2020-06-17 13:15:00+00:00,4136001,iq8k7ZNt4Mwm3w0,28.46972356666667,37.286170466666654,0.451581596
2020-06-17 13:15:00+00:00,4135001,HmiyD2TTLFNqkNe,28.496042933333328,42.57935760000001,0.6021715766666667
2020-06-17 13:30:00+00:00,4136001,iq8k7ZNt4Mwm3w0,27.945867103448272,32.80133382758622,0.4276434196551723
2020-06-17 13:30:00+00:00,4135001,HmiyD2TTLFNqkNe,28.954923333333333,44.68992900000001,0.6593983766666666
2020-06-17 13:45:00+00:00,4136001,iq8k7ZNt4Mwm3w0,28.731198133333336,40.46031016666667,0.5789413146666667
2020-06-17 13:45:00+00:00,4135001,HmiyD2TTLFNqkNe,29.05773106666667,45.0513366,0.5994605753333334
2020-06-17 14:00:00+00:00,4135001,HmiyD2TTLFNqkNe,28.6523418,41.97513206666667,0.4384577806666666
2020-06-17 14:00:00+00:00,4136001,iq8k7ZNt4Mwm3w0,29.044235827586206,42.32625593103449,0.480736164137931
2020-06-17 14:15:00+00:00,4135001,HmiyD2TTLFNqkNe,28.22970173333333,39.4037556,0.4106262193333333
2020-06-17 14:15:00+00:00,4136001,iq8k7ZNt4Mwm3w0,28.609255933333337,37.97944833333332,0.3930144640000001
2020-06-17 14:30:00+00:00,4135001,HmiyD2TTLFNqkNe,28.766581200000005,42.79567873333334,0.58660541
2020-06-17 14:30:00+00:00,4136001,iq8k7ZNt4Mwm3w0,27.349096793103453,29.945265206896558,0.3096930779310345
2020-06-17 14:45:00+00:00,4135001,HmiyD2TTLFNqkNe,29.11126313333333,44.9506284,0.5350119733333333
2020-06-17 14:45:00+00:00,4136001,iq8k7ZNt4Mwm3w0,26.842360433333333,28.24684536666668,0.3273643233333334
2020-06-17 15:00:00+00:00,4135001,HmiyD2TTLFNqkNe,28.617018666666667,39.946699866666656,0.3174531373333333
2020-06-17 15:00:00+00:00,4136001,iq8k7ZNt4Mwm3w0,27.22757479310345,29.34751727586207,0.3634486806896551
2020-06-17 15:15:00+00:00,4135001,HmiyD2TTLFNqkNe,27.914616214285715,34.29488935714285,0.1042054897142857
2020-06-17 15:15:00+00:00,4136001,iq8k7ZNt4Mwm3w0,27.930431033333328,33.72836829999999,0.3843007586666666
2020-06-17 15:30:00+00:00,4135001,HmiyD2TTLFNqkNe,25.61776526666667,26.2441224,0.0553157361333333
2020-06-17 15:30:00+00:00,4136001,iq8k7ZNt4Mwm3w0,27.7001744137931,32.386005275862075,0.2370183289655172
2020-06-17 15:45:00+00:00,4135001,HmiyD2TTLFNqkNe,23.556774866666668,23.536191933333328,0.085784176
2020-06-17 15:45:00+00:00,4136001,iq8k7ZNt4Mwm3w0,27.581203200000004,31.601485266666675,0.21363942
2020-06-17 16:00:00+00:00,4136001,iq8k7ZNt4Mwm3w0,27.63258606896552,32.10411975862068,0.1966100234482758
2020-06-17 16:00:00+00:00,4135001,HmiyD2TTLFNqkNe,23.40352773333333,24.986667866666668,0.1997712573333333
2020-06-17 16:15:00+00:00,4136001,iq8k7ZNt4Mwm3w0,27.648377366666665,31.859703533333334,0.1917219463333333
2020-06-17 16:15:00+00:00,4135001,HmiyD2TTLFNqkNe,24.1127868,28.996931866666667,0.235077558
2020-06-17 16:30:00+00:00,4135001,HmiyD2TTLFNqkNe,24.390767466666667,29.473142333333332,0.1186300124
2020-06-17 16:30:00+00:00,4136001,iq8k7ZNt4Mwm3w0,27.624499172413795,31.734618137931037,0.1817658131034482
2020-06-17 16:45:00+00:00,4136001,iq8k7ZNt4Mwm3w0,27.45880556666667,30.69353546666667,0.1193903119666666
2020-06-17 16:45:00+00:00,4135001,HmiyD2TTLFNqkNe,24.2918964,26.972265600000004,0.0716163500666666
2020-06-17 17:00:00+00:00,4135001,HmiyD2TTLFNqkNe,24.191860066666663,25.512402466666668,0.0864726348666666
2020-06-17 17:00:00+00:00,4136001,iq8k7ZNt4Mwm3w0,26.498535,27.3130768,0.0319532306666666
2020-06-17 17:15:00+00:00,4135001,HmiyD2TTLFNqkNe,24.196166857142856,26.66497142857143,0.1047624446428571
2020-06-17 17:15:00+00:00,4136001,iq8k7ZNt4Mwm3w0,25.779441068965514,25.30390968965517,0.0858852560344827
2020-06-17 17:30:00+00:00,4136001,iq8k7ZNt4Mwm3w0,26.14305522727273,27.15584081818181,0.0894936300454545
2020-06-17 17:30:00+00:00,4135001,HmiyD2TTLFNqkNe,24.278403545454545,26.86244345454546,0.0901317685454545
2020-06-17 17:45:00+00:00,4136001,iq8k7ZNt4Mwm3w0,26.0916641724138,27.23565668965518,0.0654795855517241
2020-06-17 17:45:00+00:00,4135001,HmiyD2TTLFNqkNe,24.17417021428572,25.95027171428572,0.0652585639285714
2020-06-17 18:00:00+00:00,4136001,iq8k7ZNt4Mwm3w0,25.686603700000003,26.540474400000004,0.0415141276666666
2020-06-17 18:00:00+00:00,4135001,HmiyD2TTLFNqkNe,24.130348733333328,25.080924533333327,0.0419395646666666
2020-06-17 18:15:00+00:00,4135001,HmiyD2TTLFNqkNe,24.038157333333327,24.0682496,0.0234457014666666
2020-06-17 18:15:00+00:00,4136001,iq8k7ZNt4Mwm3w0,25.23544313793104,25.65623,0.0221499413103448
2020-06-17 18:30:00+00:00,4135001,HmiyD2TTLFNqkNe,23.8402385,22.968658428571427,0.0070068898142857
2020-06-17 18:30:00+00:00,4136001,iq8k7ZNt4Mwm3w0,24.582471766666668,24.78652539999999,0.0133931878633333
2020-06-17 18:45:00+00:00,4135001,HmiyD2TTLFNqkNe,23.5830486,22.460372,3.9083115333333336e-05
2020-06-17 18:45:00+00:00,4136001,iq8k7ZNt4Mwm3w0,23.965923344827583,23.28397562068965,0.0026350049782758
2020-06-17 19:00:00+00:00,4135001,HmiyD2TTLFNqkNe,23.474888266666667,22.42334993333333,0.0
2020-06-17 19:00:00+00:00,4136001,iq8k7ZNt4Mwm3w0,23.547951689655168,22.59979141379311,0.0
2020-06-17 19:15:00+00:00,4135001,HmiyD2TTLFNqkNe,23.489280266666665,22.7568808,0.0
2020-06-17 19:15:00+00:00,4136001,iq8k7ZNt4Mwm3w0,23.4725741,22.464955766666662,0.0
2020-06-17 19:30:00+00:00,4135001,HmiyD2TTLFNqkNe,23.45561106666667,22.7176046,0.0
2020-06-17 19:30:00+00:00,4136001,iq8k7ZNt4Mwm3w0,23.49732753333333,22.438098333333336,0.0
2020-06-17 19:45:00+00:00,4136001,iq8k7ZNt4Mwm3w0,23.602745413793105,22.418766241379316,0.0
2020-06-17 19:45:00+00:00,4135001,HmiyD2TTLFNqkNe,23.0513224,21.774304133333327,0.0
2020-06-17 20:00:00+00:00,4136001,iq8k7ZNt4Mwm3w0,23.6651278,22.367719466666667,0.0
2020-06-17 20:00:00+00:00,4135001,HmiyD2TTLFNqkNe,23.0032632,21.24322106666667,0.0
2020-06-17 20:15:00+00:00,4135001,HmiyD2TTLFNqkNe,22.890356333333337,20.784727,0.0
2020-06-17 20:15:00+00:00,4136001,iq8k7ZNt4Mwm3w0,23.601208965517245,22.2459434137931,0.0
2020-06-17 20:30:00+00:00,4135001,HmiyD2TTLFNqkNe,22.891965666666664,20.9494608,0.0
2020-06-17 20:30:00+00:00,4136001,iq8k7ZNt4Mwm3w0,23.687547066666664,22.3776551,0.0
2020-06-17 20:45:00+00:00,4135001,HmiyD2TTLFNqkNe,22.8874295,21.12194821428572,0.0
2020-06-17 20:45:00+00:00,4136001,iq8k7ZNt4Mwm3w0,23.75045548275863,22.825295310344828,0.0
2020-06-17 21:00:00+00:00,4135001,HmiyD2TTLFNqkNe,22.89988213333333,21.383107466666665,0.0
2020-06-17 21:00:00+00:00,4136001,iq8k7ZNt4Mwm3w0,23.752441133333335,23.187267066666667,0.0
2020-06-17 21:15:00+00:00,4136001,iq8k7ZNt4Mwm3w0,23.811610800000004,23.4716604,0.0
2020-06-17 21:15:00+00:00,4135001,HmiyD2TTLFNqkNe,22.892598466666666,21.563179466666664,0.0
2020-06-17 21:30:00+00:00,4136001,iq8k7ZNt4Mwm3w0,23.899251862068965,23.72964596551724,0.0
2020-06-17 21:30:00+00:00,4135001,HmiyD2TTLFNqkNe,22.9965616,21.869773466666665,0.0
2020-06-17 21:45:00+00:00,4136001,iq8k7ZNt4Mwm3w0,23.883053566666668,23.68958143333333,0.0
2020-06-17 21:45:00+00:00,4135001,HmiyD2TTLFNqkNe,23.137091,22.1259848,0.0
2020-06-17 22:00:00+00:00,4136001,iq8k7ZNt4Mwm3w0,23.767680034482755,23.39140703448276,0.0
2020-06-17 22:00:00+00:00,4135001,HmiyD2TTLFNqkNe,22.563179466666668,21.164713466666665,0.0
2020-06-17 22:15:00+00:00,4135001,HmiyD2TTLFNqkNe,22.19922893333333,20.51527293333333,0.0
2020-06-17 22:15:00+00:00,4136001,iq8k7ZNt4Mwm3w0,23.656357,23.12314753333333,0.0
2020-06-17 22:30:00+00:00,4135001,HmiyD2TTLFNqkNe,22.171736666666664,21.0808288,0.0
2020-06-17 22:30:00+00:00,4136001,iq8k7ZNt4Mwm3w0,23.6281078,23.02921033333333,0.0
2020-06-17 22:45:00+00:00,4135001,HmiyD2TTLFNqkNe,22.150569666666662,21.480377266666668,0.0
2020-06-17 22:45:00+00:00,4136001,iq8k7ZNt4Mwm3w0,23.511703,22.856201172413797,0.0
2020-06-17 23:00:00+00:00,4135001,HmiyD2TTLFNqkNe,22.129815666666666,21.38902386666667,0.0
2020-06-17 23:00:00+00:00,4136001,iq8k7ZNt4Mwm3w0,23.48228243333333,22.744190466666662,0.0
2020-06-17 23:15:00+00:00,4135001,HmiyD2TTLFNqkNe,22.008274642857145,20.709211357142856,0.0
2020-06-17 23:15:00+00:00,4136001,iq8k7ZNt4Mwm3w0,23.3547425862069,22.492245310344828,0.0
2020-06-17 23:30:00+00:00,4136001,iq8k7ZNt4Mwm3w0,23.291048233333328,22.373908566666667,0.0
2020-06-17 23:30:00+00:00,4135001,HmiyD2TTLFNqkNe,21.96949473333333,20.7349628,0.0
2020-06-17 23:45:00+00:00,4135001,HmiyD2TTLFNqkNe,21.909287666666668,20.4279724,0.0
2020-06-17 23:45:00+00:00,4136001,iq8k7ZNt4Mwm3w0,23.202870689655175,22.53590765517241,0.0
